precision,auc,n_features,features
0.240625,0.6246153846153846,26,"['player_height', 'player_weight', 'player_class', 'usage_overall', 'stats_passing_pct', 'win_rate', 'is_power_5', 'class_risk_factor', 'win_rate_class_risk_factor', 'is_not_same_coach_next_season', 'yoy_win_rate', 'yoy_stats_passing_pct', 'yoy_usage_overall', 'team_coach_encoded', 'team_name_encoded', 'team_conference_ACC', 'team_conference_American Athletic', 'team_conference_Big 12', 'team_conference_Big Ten', 'team_conference_Conference USA', 'team_conference_FBS Independents', 'team_conference_Mid-American', 'team_conference_Mountain West', 'team_conference_Pac-12', 'team_conference_SEC', 'team_conference_Sun Belt']"
0.24,0.6139097266369994,23,"['team_conference_Mid-American' 'yoy_win_rate' 'usage_overall'
 'class_risk_factor' 'player_weight' 'team_conference_American Athletic'
 'team_conference_SEC' 'team_coach_encoded' 'win_rate' 'stats_passing_pct'
 'team_conference_Big Ten' 'yoy_stats_passing_pct'
 'team_conference_Sun Belt' 'team_conference_Pac-12' 'team_conference_ACC'
 'yoy_usage_overall' 'is_not_same_coach_next_season'
 'win_rate_class_risk_factor' 'team_conference_Conference USA'
 'player_height' 'team_name_encoded' 'player_class'
 'team_conference_FBS Independents']"
0.22468354430379747,0.6000317863954228,12,"['team_conference_Mountain West' 'yoy_usage_overall'
 'win_rate_class_risk_factor' 'team_conference_FBS Independents'
 'is_power_5' 'player_class' 'team_coach_encoded' 'team_name_encoded'
 'player_height' 'is_not_same_coach_next_season' 'team_conference_SEC'
 'win_rate']"
0.18778280542986425,0.5589446916719645,10,"['player_weight' 'yoy_win_rate' 'team_conference_Conference USA'
 'team_conference_FBS Independents' 'yoy_usage_overall'
 'team_conference_Big Ten' 'win_rate_class_risk_factor'
 'team_coach_encoded' 'yoy_stats_passing_pct'
 'is_not_same_coach_next_season']"
0.21287128712871287,0.5705340114431023,16,"['stats_passing_pct' 'yoy_win_rate' 'win_rate_class_risk_factor'
 'player_weight' 'team_conference_Mid-American' 'team_conference_ACC'
 'team_conference_Big Ten' 'team_conference_Sun Belt' 'team_coach_encoded'
 'team_conference_Big 12' 'yoy_stats_passing_pct' 'yoy_usage_overall'
 'team_conference_FBS Independents' 'is_not_same_coach_next_season'
 'team_conference_American Athletic' 'team_conference_SEC']"
0.2181208053691275,0.5889637635092181,21,"['team_conference_ACC' 'team_conference_Mountain West' 'player_class'
 'team_name_encoded' 'player_height' 'is_power_5'
 'team_conference_Mid-American' 'player_weight' 'team_coach_encoded'
 'is_not_same_coach_next_season' 'team_conference_Pac-12'
 'team_conference_Big 12' 'stats_passing_pct' 'team_conference_Sun Belt'
 'win_rate' 'team_conference_American Athletic'
 'team_conference_Conference USA' 'team_conference_FBS Independents'
 'yoy_usage_overall' 'team_conference_Big Ten' 'class_risk_factor']"
0.21818181818181817,0.6219071837253656,21,"['player_weight' 'team_conference_Big Ten' 'usage_overall'
 'is_not_same_coach_next_season' 'stats_passing_pct' 'team_conference_SEC'
 'team_conference_FBS Independents' 'yoy_usage_overall' 'player_height'
 'team_conference_Big 12' 'yoy_stats_passing_pct' 'class_risk_factor'
 'team_conference_Mountain West' 'win_rate' 'team_conference_ACC'
 'team_conference_American Athletic' 'team_coach_encoded'
 'team_conference_Sun Belt' 'win_rate_class_risk_factor'
 'team_conference_Mid-American' 'team_conference_Conference USA']"
0.24390243902439024,0.6317228226319136,21,"['team_coach_encoded' 'team_conference_ACC'
 'team_conference_American Athletic' 'team_conference_Big 12'
 'yoy_stats_passing_pct' 'win_rate_class_risk_factor' 'team_name_encoded'
 'player_height' 'player_class' 'yoy_usage_overall'
 'team_conference_Mid-American' 'team_conference_Mountain West' 'win_rate'
 'team_conference_Conference USA' 'usage_overall' 'class_risk_factor'
 'stats_passing_pct' 'is_power_5' 'is_not_same_coach_next_season'
 'player_weight' 'team_conference_Sun Belt']"
0.2459546925566343,0.6112078830260648,15,"['team_conference_Pac-12' 'team_conference_Mid-American'
 'team_conference_FBS Independents' 'team_conference_Conference USA'
 'team_conference_ACC' 'usage_overall' 'stats_passing_pct'
 'class_risk_factor' 'team_name_encoded' 'team_conference_Big 12'
 'player_height' 'yoy_stats_passing_pct' 'team_conference_Sun Belt'
 'team_conference_SEC' 'team_conference_Big Ten']"
0.25688073394495414,0.6235346471710108,19,"['player_weight' 'team_conference_Big Ten'
 'team_conference_Conference USA' 'win_rate_class_risk_factor'
 'team_conference_Mid-American' 'team_conference_Big 12' 'player_class'
 'player_height' 'yoy_win_rate' 'team_name_encoded'
 'is_not_same_coach_next_season' 'team_conference_Mountain West'
 'stats_passing_pct' 'team_conference_Pac-12' 'is_power_5'
 'class_risk_factor' 'yoy_usage_overall' 'team_coach_encoded'
 'usage_overall']"
0.3142857142857143,0.5206357279084551,6,"['team_conference_Mid-American' 'team_conference_SEC' 'stats_passing_pct'
 'team_name_encoded' 'is_not_same_coach_next_season'
 'team_conference_Conference USA']"
0.2528301886792453,0.6120025429116339,25,"['team_conference_SEC' 'yoy_stats_passing_pct'
 'is_not_same_coach_next_season' 'team_conference_Big 12'
 'team_conference_Big Ten' 'player_weight' 'team_name_encoded'
 'class_risk_factor' 'yoy_win_rate' 'team_conference_Sun Belt'
 'win_rate_class_risk_factor' 'team_conference_FBS Independents'
 'team_conference_American Athletic' 'stats_passing_pct'
 'team_conference_Conference USA' 'team_coach_encoded' 'player_class'
 'team_conference_Mountain West' 'team_conference_Pac-12'
 'yoy_usage_overall' 'is_power_5' 'team_conference_ACC' 'usage_overall'
 'team_conference_Mid-American' 'player_height']"
0.19595959595959597,0.5600063572790845,7,"['team_conference_Conference USA' 'stats_passing_pct' 'yoy_usage_overall'
 'is_not_same_coach_next_season' 'team_conference_Pac-12' 'player_height'
 'team_conference_Big 12']"
0.2482758620689655,0.6304767959313414,24,"['player_weight' 'team_conference_Sun Belt' 'stats_passing_pct'
 'team_conference_ACC' 'team_conference_Mid-American'
 'yoy_stats_passing_pct' 'team_conference_SEC' 'yoy_win_rate' 'win_rate'
 'team_conference_American Athletic' 'team_conference_Big 12'
 'player_height' 'class_risk_factor' 'team_name_encoded' 'is_power_5'
 'team_conference_Conference USA' 'team_coach_encoded' 'yoy_usage_overall'
 'player_class' 'win_rate_class_risk_factor' 'team_conference_Pac-12'
 'usage_overall' 'is_not_same_coach_next_season'
 'team_conference_Mountain West']"
0.23825503355704697,0.5964844246662429,6,"['team_conference_Mid-American' 'usage_overall' 'team_conference_Pac-12'
 'team_name_encoded' 'yoy_stats_passing_pct' 'stats_passing_pct']"
0.23605150214592274,0.58822631913541,7,"['win_rate_class_risk_factor' 'player_class' 'yoy_usage_overall'
 'player_weight' 'yoy_stats_passing_pct' 'team_conference_Pac-12'
 'team_conference_ACC']"
0.2361111111111111,0.59361729179911,11,"['team_conference_Big Ten' 'team_name_encoded'
 'team_conference_Conference USA' 'yoy_win_rate'
 'is_not_same_coach_next_season' 'player_weight'
 'team_conference_American Athletic' 'stats_passing_pct' 'is_power_5'
 'player_class' 'team_conference_ACC']"
0.2395543175487465,0.618410680228862,4,"['player_class' 'team_conference_Sun Belt' 'usage_overall'
 'team_conference_SEC']"
0.24742268041237114,0.5735600762873491,9,"['team_conference_FBS Independents' 'team_conference_Big 12'
 'team_conference_Mid-American' 'team_coach_encoded' 'team_conference_SEC'
 'player_class' 'team_conference_Pac-12' 'win_rate'
 'team_conference_Conference USA']"
0.268,0.6394914176732359,23,"['team_conference_ACC' 'yoy_stats_passing_pct' 'team_conference_SEC'
 'player_height' 'team_coach_encoded' 'team_conference_Big 12'
 'team_conference_American Athletic' 'team_conference_Mountain West'
 'team_conference_Sun Belt' 'is_not_same_coach_next_season' 'yoy_win_rate'
 'win_rate' 'player_class' 'team_conference_Mid-American' 'usage_overall'
 'player_weight' 'team_conference_Pac-12' 'class_risk_factor'
 'team_conference_Conference USA' 'team_name_encoded'
 'team_conference_Big Ten' 'is_power_5' 'yoy_usage_overall']"
0.26865671641791045,0.6458741258741257,21,"['class_risk_factor' 'yoy_win_rate' 'win_rate_class_risk_factor'
 'is_not_same_coach_next_season' 'usage_overall' 'yoy_usage_overall'
 'team_conference_Conference USA' 'team_conference_SEC'
 'team_conference_Big 12' 'is_power_5' 'team_conference_Sun Belt'
 'team_conference_Mountain West' 'team_conference_American Athletic'
 'yoy_stats_passing_pct' 'team_conference_Big Ten' 'team_coach_encoded'
 'win_rate' 'team_name_encoded' 'team_conference_ACC' 'player_height'
 'player_weight']"
0.2238372093023256,0.5997393515575333,15,"['team_conference_ACC' 'player_class' 'is_not_same_coach_next_season'
 'team_conference_FBS Independents' 'player_height'
 'team_conference_American Athletic' 'team_name_encoded' 'is_power_5'
 'team_conference_Big 12' 'yoy_usage_overall' 'win_rate_class_risk_factor'
 'team_conference_Mid-American' 'team_conference_Conference USA'
 'yoy_stats_passing_pct' 'team_conference_Mountain West']"
0.25076452599388377,0.6379148124602669,16,"['is_power_5' 'team_conference_Mid-American'
 'team_conference_Conference USA' 'player_class'
 'is_not_same_coach_next_season' 'player_height' 'usage_overall'
 'team_name_encoded' 'team_conference_ACC'
 'team_conference_FBS Independents' 'team_conference_Mountain West'
 'yoy_usage_overall' 'team_conference_SEC'
 'team_conference_American Athletic' 'player_weight'
 'team_conference_Sun Belt']"
0.20787746170678337,0.6223076923076923,9,"['class_risk_factor' 'is_not_same_coach_next_season'
 'team_conference_American Athletic' 'team_conference_FBS Independents'
 'team_conference_Pac-12' 'yoy_stats_passing_pct' 'stats_passing_pct'
 'team_conference_Sun Belt' 'usage_overall']"
0.2524271844660194,0.6107056579783853,18,"['is_not_same_coach_next_season' 'team_conference_Big Ten'
 'yoy_usage_overall' 'team_conference_ACC'
 'team_conference_FBS Independents' 'team_conference_Mountain West'
 'team_conference_Big 12' 'win_rate_class_risk_factor' 'player_height'
 'team_conference_Pac-12' 'team_conference_SEC' 'win_rate' 'is_power_5'
 'stats_passing_pct' 'player_class' 'team_name_encoded' 'yoy_win_rate'
 'player_weight']"
0.20948616600790515,0.5790845518118246,10,"['yoy_stats_passing_pct' 'stats_passing_pct'
 'is_not_same_coach_next_season' 'is_power_5' 'team_conference_Big Ten'
 'yoy_usage_overall' 'player_weight' 'team_conference_Mid-American'
 'team_conference_Sun Belt' 'team_conference_Conference USA']"
0.2263681592039801,0.6199491417673236,14,"['is_not_same_coach_next_season' 'win_rate'
 'team_conference_American Athletic' 'team_conference_Big Ten'
 'team_conference_Pac-12' 'stats_passing_pct' 'usage_overall'
 'player_height' 'is_power_5' 'team_conference_SEC' 'yoy_usage_overall'
 'yoy_win_rate' 'player_weight' 'win_rate_class_risk_factor']"
0.23976608187134502,0.5957533375715194,6,"['stats_passing_pct' 'team_conference_Pac-12' 'team_conference_Big Ten'
 'team_coach_encoded' 'class_risk_factor' 'team_name_encoded']"
0.22522522522522523,0.6119771137952956,21,"['is_not_same_coach_next_season' 'class_risk_factor'
 'win_rate_class_risk_factor' 'team_conference_Mountain West'
 'yoy_stats_passing_pct' 'team_conference_FBS Independents'
 'team_conference_American Athletic' 'yoy_usage_overall'
 'team_coach_encoded' 'team_name_encoded' 'team_conference_Pac-12'
 'team_conference_ACC' 'team_conference_Conference USA' 'player_class'
 'yoy_win_rate' 'usage_overall' 'win_rate' 'team_conference_SEC'
 'team_conference_Mid-American' 'stats_passing_pct'
 'team_conference_Sun Belt']"
0.19823788546255505,0.5485314685314685,3,['yoy_win_rate' 'team_conference_Conference USA' 'team_conference_SEC']
0.2533783783783784,0.6334520025429117,18,"['is_not_same_coach_next_season' 'team_conference_ACC' 'stats_passing_pct'
 'team_conference_Mid-American' 'team_conference_American Athletic'
 'player_class' 'win_rate_class_risk_factor' 'team_conference_SEC'
 'team_coach_encoded' 'player_height' 'is_power_5' 'team_name_encoded'
 'team_conference_Big Ten' 'team_conference_Conference USA'
 'team_conference_Mountain West' 'win_rate' 'yoy_usage_overall'
 'usage_overall']"
0.21863799283154123,0.5968277177368086,14,"['stats_passing_pct' 'team_name_encoded'
 'team_conference_FBS Independents' 'team_conference_Mountain West'
 'yoy_usage_overall' 'player_weight' 'team_conference_ACC'
 'team_conference_SEC' 'team_conference_Big 12' 'is_power_5'
 'player_height' 'team_conference_Big Ten' 'is_not_same_coach_next_season'
 'team_coach_encoded']"
0.2572614107883817,0.6385123966942148,25,"['player_height' 'team_conference_Mountain West' 'team_coach_encoded'
 'team_conference_Sun Belt' 'team_conference_SEC' 'yoy_stats_passing_pct'
 'usage_overall' 'player_weight' 'is_not_same_coach_next_season'
 'yoy_win_rate' 'class_risk_factor' 'team_conference_Conference USA'
 'team_conference_Big 12' 'yoy_usage_overall'
 'team_conference_FBS Independents' 'team_conference_American Athletic'
 'team_conference_Big Ten' 'stats_passing_pct'
 'win_rate_class_risk_factor' 'player_class' 'is_power_5'
 'team_conference_Pac-12' 'team_conference_ACC' 'team_name_encoded'
 'win_rate']"
0.23195876288659795,0.5771455816910362,3,['team_conference_Mountain West' 'team_conference_Big 12' 'player_height']
0.2356020942408377,0.6344818817546091,19,"['win_rate_class_risk_factor' 'yoy_win_rate' 'team_conference_Sun Belt'
 'stats_passing_pct' 'team_conference_Big Ten' 'team_name_encoded'
 'team_conference_FBS Independents' 'usage_overall' 'player_weight'
 'team_conference_Mountain West' 'is_power_5' 'team_conference_ACC'
 'team_conference_Conference USA' 'yoy_stats_passing_pct'
 'yoy_usage_overall' 'is_not_same_coach_next_season' 'team_coach_encoded'
 'team_conference_SEC' 'win_rate']"
0.22702702702702704,0.6108582326764145,13,"['team_conference_Conference USA' 'team_conference_Big 12' 'usage_overall'
 'win_rate' 'yoy_stats_passing_pct' 'yoy_win_rate'
 'win_rate_class_risk_factor' 'team_conference_Big Ten'
 'stats_passing_pct' 'player_height' 'team_coach_encoded'
 'team_conference_Mid-American' 'team_conference_SEC']"
0.2277992277992278,0.6096757787666879,24,"['win_rate' 'team_conference_Pac-12' 'win_rate_class_risk_factor'
 'team_conference_SEC' 'team_conference_Big 12'
 'team_conference_Mid-American' 'team_conference_Sun Belt' 'usage_overall'
 'team_conference_Mountain West' 'stats_passing_pct'
 'team_conference_FBS Independents' 'team_name_encoded' 'player_height'
 'team_conference_Big Ten' 'team_conference_Conference USA'
 'yoy_stats_passing_pct' 'team_conference_American Athletic'
 'is_not_same_coach_next_season' 'team_conference_ACC' 'yoy_usage_overall'
 'class_risk_factor' 'team_coach_encoded' 'yoy_win_rate' 'player_weight']"
0.23809523809523808,0.6270311506675142,18,"['team_coach_encoded' 'player_weight' 'team_conference_Pac-12'
 'team_conference_Mid-American' 'team_conference_SEC' 'team_name_encoded'
 'team_conference_American Athletic' 'player_height'
 'team_conference_Big Ten' 'team_conference_Sun Belt'
 'is_not_same_coach_next_season' 'yoy_win_rate' 'team_conference_ACC'
 'team_conference_Mountain West' 'usage_overall' 'yoy_usage_overall'
 'yoy_stats_passing_pct' 'player_class']"
0.25663716814159293,0.5912396694214876,16,"['player_class' 'yoy_stats_passing_pct' 'team_conference_Conference USA'
 'team_conference_Mid-American' 'team_conference_Big Ten' 'win_rate'
 'team_conference_SEC' 'yoy_win_rate' 'team_conference_FBS Independents'
 'player_weight' 'team_conference_Big 12'
 'team_conference_American Athletic' 'player_height' 'team_coach_encoded'
 'win_rate_class_risk_factor' 'team_name_encoded']"
0.21254355400696864,0.6002797202797202,6,"['player_weight' 'is_not_same_coach_next_season'
 'team_conference_Conference USA' 'is_power_5' 'class_risk_factor'
 'team_conference_Mountain West']"
0.25609756097560976,0.6286331849968214,18,"['win_rate' 'yoy_stats_passing_pct' 'player_height' 'player_weight'
 'team_conference_ACC' 'yoy_win_rate' 'team_conference_FBS Independents'
 'is_power_5' 'team_conference_American Athletic' 'team_conference_Pac-12'
 'team_coach_encoded' 'team_conference_Sun Belt' 'player_class'
 'usage_overall' 'yoy_usage_overall' 'team_conference_Big Ten'
 'class_risk_factor' 'team_conference_Big 12']"
0.24161073825503357,0.6292434837889384,23,"['team_conference_Mountain West' 'team_conference_SEC'
 'is_not_same_coach_next_season' 'team_conference_American Athletic'
 'player_weight' 'team_conference_FBS Independents' 'yoy_win_rate'
 'is_power_5' 'yoy_usage_overall' 'team_conference_Pac-12'
 'team_coach_encoded' 'win_rate' 'team_conference_Big 12'
 'team_conference_Big Ten' 'team_conference_ACC' 'yoy_stats_passing_pct'
 'team_name_encoded' 'win_rate_class_risk_factor' 'stats_passing_pct'
 'player_class' 'class_risk_factor' 'usage_overall'
 'team_conference_Conference USA']"
0.2184873949579832,0.5883280356007629,10,"['team_conference_Mid-American' 'team_conference_FBS Independents'
 'is_power_5' 'team_conference_Big Ten' 'team_conference_SEC'
 'yoy_win_rate' 'team_conference_Conference USA'
 'is_not_same_coach_next_season' 'stats_passing_pct' 'player_weight']"
0.20754716981132076,0.5631722822631914,8,"['class_risk_factor' 'team_conference_Sun Belt'
 'team_conference_Mountain West' 'team_conference_Conference USA'
 'team_conference_ACC' 'win_rate' 'stats_passing_pct'
 'yoy_stats_passing_pct']"
0.2698412698412698,0.5866624284806103,3,['team_conference_ACC' 'yoy_win_rate' 'team_conference_Big Ten']
0.19659735349716445,0.5835155753337571,9,"['team_conference_Mid-American' 'is_not_same_coach_next_season'
 'is_power_5' 'team_conference_Conference USA' 'team_conference_Big Ten'
 'team_conference_SEC' 'yoy_usage_overall' 'team_name_encoded'
 'player_height']"
0.2350597609561753,0.5956389065479974,3,['class_risk_factor' 'team_conference_Big Ten' 'team_coach_encoded']
0.2262295081967213,0.601163382072473,8,"['is_power_5' 'team_coach_encoded' 'yoy_stats_passing_pct'
 'team_conference_Mountain West' 'win_rate_class_risk_factor'
 'team_conference_Big Ten' 'yoy_win_rate' 'team_conference_Conference USA']"
0.23376623376623376,0.6221487603305785,20,"['team_conference_Mountain West' 'class_risk_factor' 'team_conference_SEC'
 'win_rate' 'yoy_usage_overall' 'team_conference_American Athletic'
 'team_conference_Sun Belt' 'yoy_win_rate' 'team_name_encoded'
 'usage_overall' 'yoy_stats_passing_pct' 'team_conference_Conference USA'
 'player_weight' 'is_power_5' 'team_conference_Mid-American'
 'player_height' 'win_rate_class_risk_factor' 'team_conference_ACC'
 'team_conference_FBS Independents' 'is_not_same_coach_next_season']"
0.1794871794871795,0.5724094087730451,10,"['stats_passing_pct' 'is_not_same_coach_next_season'
 'team_conference_Sun Belt' 'yoy_win_rate' 'player_weight'
 'team_conference_Conference USA' 'team_conference_FBS Independents'
 'yoy_stats_passing_pct' 'team_conference_Pac-12'
 'team_conference_American Athletic']"
0.22972972972972974,0.5828353464717102,5,"['team_conference_Conference USA' 'team_conference_American Athletic'
 'team_coach_encoded' 'team_conference_Mountain West' 'class_risk_factor']"
0.20608108108108109,0.5809472345835982,14,"['team_conference_SEC' 'team_conference_Mountain West'
 'team_conference_Big Ten' 'team_coach_encoded' 'yoy_usage_overall'
 'is_power_5' 'player_height' 'is_not_same_coach_next_season'
 'player_weight' 'team_conference_FBS Independents'
 'team_conference_Mid-American' 'stats_passing_pct'
 'team_conference_Big 12' 'team_name_encoded']"
0.23782234957020057,0.6306420851875397,13,"['yoy_usage_overall' 'win_rate_class_risk_factor' 'is_power_5'
 'is_not_same_coach_next_season' 'team_conference_Conference USA'
 'player_weight' 'team_conference_FBS Independents' 'class_risk_factor'
 'yoy_win_rate' 'player_class' 'team_conference_Big Ten' 'usage_overall'
 'stats_passing_pct']"
0.2088235294117647,0.5845263827082009,5,"['team_conference_FBS Independents' 'team_conference_Conference USA'
 'team_coach_encoded' 'team_conference_Big 12' 'yoy_win_rate']"
0.23249299719887956,0.636554354736173,21,"['team_conference_Conference USA' 'team_conference_Big Ten'
 'team_conference_Sun Belt' 'player_weight' 'usage_overall'
 'team_conference_FBS Independents' 'yoy_stats_passing_pct'
 'team_conference_Pac-12' 'team_conference_Mountain West'
 'yoy_usage_overall' 'team_conference_Big 12' 'yoy_win_rate'
 'win_rate_class_risk_factor' 'team_conference_SEC' 'team_name_encoded'
 'player_height' 'win_rate' 'team_coach_encoded'
 'is_not_same_coach_next_season' 'team_conference_American Athletic'
 'is_power_5']"
0.22777777777777777,0.5735028607755881,18,"['stats_passing_pct' 'team_coach_encoded' 'player_height'
 'team_conference_FBS Independents' 'team_conference_Big Ten'
 'win_rate_class_risk_factor' 'class_risk_factor' 'team_name_encoded'
 'yoy_usage_overall' 'team_conference_American Athletic'
 'team_conference_SEC' 'team_conference_Mid-American' 'player_class'
 'player_weight' 'yoy_win_rate' 'team_conference_Pac-12'
 'team_conference_Big 12' 'team_conference_Conference USA']"
0.24170616113744076,0.6038779402415766,9,"['team_conference_American Athletic' 'player_class'
 'yoy_stats_passing_pct' 'team_conference_Big Ten'
 'team_conference_Big 12' 'player_height' 'team_conference_ACC'
 'class_risk_factor' 'yoy_win_rate']"
0.24671052631578946,0.6291417673235855,23,"['yoy_stats_passing_pct' 'yoy_usage_overall'
 'is_not_same_coach_next_season' 'player_class' 'team_conference_Big Ten'
 'usage_overall' 'player_height' 'win_rate' 'yoy_win_rate'
 'team_coach_encoded' 'class_risk_factor' 'player_weight'
 'stats_passing_pct' 'team_conference_Conference USA'
 'team_conference_Pac-12' 'team_conference_Sun Belt' 'team_conference_ACC'
 'team_conference_Big 12' 'team_conference_Mountain West' 'is_power_5'
 'win_rate_class_risk_factor' 'team_conference_FBS Independents'
 'team_conference_Mid-American']"
0.23174603174603176,0.6022886204704387,13,"['team_conference_Pac-12' 'team_conference_Big 12' 'team_coach_encoded'
 'team_conference_Mid-American' 'team_conference_FBS Independents'
 'team_conference_ACC' 'usage_overall' 'stats_passing_pct' 'player_height'
 'team_conference_SEC' 'player_weight' 'team_conference_Sun Belt'
 'team_conference_Mountain West']"
0.22910216718266255,0.5956961220597585,14,"['yoy_usage_overall' 'team_conference_Mid-American'
 'team_conference_Big 12' 'team_conference_ACC' 'usage_overall'
 'yoy_stats_passing_pct' 'team_conference_FBS Independents'
 'team_name_encoded' 'team_conference_Pac-12' 'player_class'
 'stats_passing_pct' 'team_conference_American Athletic'
 'win_rate_class_risk_factor' 'class_risk_factor']"
0.2231404958677686,0.6052256834075016,9,"['class_risk_factor' 'yoy_win_rate' 'team_conference_Pac-12'
 'team_conference_American Athletic' 'team_conference_Big 12'
 'player_height' 'is_not_same_coach_next_season' 'team_conference_Big Ten'
 'is_power_5']"
0.20815450643776823,0.5955308328035601,3,['win_rate' 'player_height' 'yoy_stats_passing_pct']
0.22145328719723184,0.5853719008264463,7,"['yoy_stats_passing_pct' 'team_conference_ACC' 'player_height'
 'team_conference_FBS Independents' 'yoy_usage_overall'
 'team_conference_SEC' 'player_class']"
0.2857142857142857,0.5878830260648442,15,"['yoy_win_rate' 'player_height' 'team_conference_Mid-American'
 'is_not_same_coach_next_season' 'win_rate_class_risk_factor'
 'team_conference_FBS Independents' 'class_risk_factor'
 'team_conference_American Athletic' 'team_conference_Mountain West'
 'team_conference_ACC' 'team_conference_Conference USA'
 'team_coach_encoded' 'stats_passing_pct' 'team_conference_Pac-12'
 'player_class']"
0.2219730941704036,0.6100381436745074,3,['team_conference_Big 12' 'usage_overall' 'class_risk_factor']
0.24509803921568626,0.6231659249841068,25,"['team_conference_Big Ten' 'player_class' 'yoy_usage_overall' 'is_power_5'
 'team_conference_ACC' 'win_rate_class_risk_factor' 'win_rate'
 'team_conference_Conference USA' 'team_conference_Mountain West'
 'stats_passing_pct' 'player_height' 'team_conference_Mid-American'
 'is_not_same_coach_next_season' 'player_weight'
 'team_conference_American Athletic' 'team_conference_Big 12'
 'usage_overall' 'team_conference_FBS Independents' 'class_risk_factor'
 'yoy_stats_passing_pct' 'team_coach_encoded' 'team_name_encoded'
 'team_conference_Sun Belt' 'yoy_win_rate' 'team_conference_Pac-12']"
0.24734982332155478,0.624907819453274,15,"['team_conference_Mid-American' 'class_risk_factor' 'win_rate'
 'team_conference_American Athletic' 'team_coach_encoded'
 'team_conference_Pac-12' 'player_height' 'stats_passing_pct'
 'yoy_win_rate' 'player_weight' 'team_name_encoded'
 'team_conference_Sun Belt' 'usage_overall' 'team_conference_Big Ten'
 'is_power_5']"
0.23333333333333334,0.5972536554354736,25,"['team_conference_FBS Independents' 'team_conference_Mid-American'
 'yoy_stats_passing_pct' 'team_conference_Conference USA' 'yoy_win_rate'
 'win_rate_class_risk_factor' 'yoy_usage_overall' 'win_rate'
 'team_conference_ACC' 'team_name_encoded' 'is_not_same_coach_next_season'
 'team_conference_Big Ten' 'class_risk_factor' 'team_conference_Pac-12'
 'player_class' 'team_conference_Sun Belt' 'team_conference_Big 12'
 'is_power_5' 'player_height' 'player_weight' 'team_conference_SEC'
 'stats_passing_pct' 'team_conference_American Athletic'
 'team_conference_Mountain West' 'team_coach_encoded']"
0.1780821917808219,0.5399936427209155,3,['team_conference_Big Ten' 'team_conference_Mid-American' 'player_height']
0.19162995594713655,0.5407183725365543,5,"['yoy_usage_overall' 'team_conference_Sun Belt' 'team_conference_Big Ten'
 'team_conference_ACC' 'is_not_same_coach_next_season']"
0.2529411764705882,0.5890019071837254,23,"['team_name_encoded' 'team_conference_Mountain West' 'yoy_usage_overall'
 'team_conference_Pac-12' 'team_conference_Conference USA'
 'team_conference_FBS Independents' 'team_conference_Sun Belt'
 'is_not_same_coach_next_season' 'class_risk_factor' 'win_rate'
 'team_conference_Big Ten' 'player_class' 'team_conference_SEC'
 'team_conference_Mid-American' 'win_rate_class_risk_factor'
 'player_weight' 'yoy_win_rate' 'team_conference_Big 12'
 'team_conference_American Athletic' 'team_conference_ACC'
 'yoy_stats_passing_pct' 'player_height' 'team_coach_encoded']"
0.23076923076923078,0.6157660521296886,16,"['player_class' 'team_conference_ACC' 'win_rate'
 'team_conference_Mid-American' 'team_conference_Big 12' 'player_weight'
 'team_conference_Conference USA' 'win_rate_class_risk_factor'
 'team_conference_Pac-12' 'usage_overall' 'team_conference_Mountain West'
 'team_conference_SEC' 'team_name_encoded'
 'team_conference_FBS Independents' 'yoy_stats_passing_pct'
 'class_risk_factor']"
0.2552083333333333,0.6028989192625557,18,"['is_not_same_coach_next_season' 'team_conference_Pac-12' 'player_weight'
 'team_conference_Conference USA' 'win_rate' 'win_rate_class_risk_factor'
 'player_class' 'team_conference_Sun Belt' 'team_conference_Mid-American'
 'team_conference_FBS Independents' 'stats_passing_pct' 'yoy_win_rate'
 'team_name_encoded' 'team_conference_ACC' 'team_conference_Big 12'
 'is_power_5' 'team_conference_Mountain West' 'team_conference_Big Ten']"
0.23628691983122363,0.5596249205340115,10,"['team_conference_FBS Independents' 'team_conference_Mid-American'
 'yoy_stats_passing_pct' 'team_conference_American Athletic'
 'team_conference_Mountain West' 'class_risk_factor' 'stats_passing_pct'
 'player_height' 'win_rate_class_risk_factor'
 'team_conference_Conference USA']"
0.24390243902439024,0.6227590591226955,23,"['stats_passing_pct' 'team_conference_ACC' 'win_rate' 'is_power_5'
 'yoy_stats_passing_pct' 'yoy_win_rate'
 'team_conference_American Athletic' 'team_conference_Big 12'
 'team_conference_Mid-American' 'is_not_same_coach_next_season'
 'yoy_usage_overall' 'team_conference_Mountain West' 'team_name_encoded'
 'team_conference_Big Ten' 'team_conference_SEC' 'team_conference_Pac-12'
 'player_weight' 'class_risk_factor' 'win_rate_class_risk_factor'
 'player_class' 'usage_overall' 'team_conference_FBS Independents'
 'team_conference_Sun Belt']"
0.22569444444444445,0.5874570883661793,10,"['player_class' 'team_conference_American Athletic' 'yoy_win_rate'
 'team_conference_Big Ten' 'team_conference_Big 12' 'team_name_encoded'
 'team_conference_ACC' 'team_conference_Sun Belt' 'team_conference_SEC'
 'team_conference_Mountain West']"
0.24041811846689895,0.6243356643356643,24,"['team_conference_Big 12' 'team_conference_FBS Independents'
 'team_conference_Big Ten' 'team_conference_Mountain West'
 'class_risk_factor' 'usage_overall' 'player_height' 'win_rate'
 'stats_passing_pct' 'team_conference_Pac-12' 'team_conference_SEC'
 'player_class' 'is_power_5' 'team_conference_ACC'
 'team_conference_Mid-American' 'win_rate_class_risk_factor'
 'is_not_same_coach_next_season' 'team_coach_encoded' 'team_name_encoded'
 'team_conference_Sun Belt' 'player_weight' 'yoy_usage_overall'
 'team_conference_American Athletic' 'yoy_stats_passing_pct']"
0.19290465631929046,0.5460775588048314,3,"['team_conference_Mountain West' 'yoy_usage_overall'
 'win_rate_class_risk_factor']"
0.23890784982935154,0.6246153846153846,25,"['usage_overall' 'player_class' 'class_risk_factor'
 'is_not_same_coach_next_season' 'team_conference_American Athletic'
 'win_rate' 'team_conference_SEC' 'team_conference_ACC'
 'stats_passing_pct' 'team_conference_Big Ten'
 'team_conference_Mountain West' 'team_conference_Sun Belt'
 'player_height' 'team_conference_FBS Independents'
 'win_rate_class_risk_factor' 'team_conference_Conference USA'
 'team_conference_Big 12' 'yoy_stats_passing_pct' 'is_power_5'
 'player_weight' 'yoy_win_rate' 'team_conference_Pac-12'
 'team_name_encoded' 'team_conference_Mid-American' 'yoy_usage_overall']"
0.2028985507246377,0.5558359821996186,4,"['team_conference_American Athletic' 'yoy_stats_passing_pct'
 'team_conference_Mountain West' 'team_conference_Mid-American']"
0.24260355029585798,0.5718881118881118,3,"['team_name_encoded' 'team_conference_American Athletic'
 'class_risk_factor']"
0.24594594594594596,0.6254926891290528,8,"['team_conference_Mid-American' 'team_conference_Sun Belt' 'yoy_win_rate'
 'usage_overall' 'yoy_stats_passing_pct' 'team_conference_Big 12'
 'win_rate_class_risk_factor' 'class_risk_factor']"
0.2616279069767442,0.6104068658614114,9,"['win_rate' 'team_coach_encoded' 'class_risk_factor' 'player_class'
 'team_conference_Conference USA' 'yoy_stats_passing_pct'
 'stats_passing_pct' 'is_power_5' 'team_conference_ACC']"
0.17048710601719197,0.5206357279084551,4,"['team_conference_ACC' 'win_rate_class_risk_factor'
 'team_conference_Big 12' 'team_conference_Mountain West']"
0.2484076433121019,0.6226191989828354,17,"['win_rate' 'usage_overall' 'player_height' 'stats_passing_pct'
 'team_conference_Mid-American' 'team_conference_Mountain West'
 'yoy_stats_passing_pct' 'class_risk_factor' 'yoy_win_rate'
 'team_conference_ACC' 'team_conference_Pac-12' 'team_conference_Big Ten'
 'team_conference_Sun Belt' 'is_power_5' 'team_conference_Big 12'
 'team_name_encoded' 'player_weight']"
0.22807017543859648,0.6113541004450095,18,"['team_conference_Conference USA' 'yoy_win_rate' 'is_power_5'
 'stats_passing_pct' 'is_not_same_coach_next_season' 'team_conference_SEC'
 'class_risk_factor' 'player_weight' 'team_conference_Mountain West'
 'team_coach_encoded' 'team_conference_FBS Independents' 'player_height'
 'win_rate_class_risk_factor' 'team_conference_Mid-American' 'win_rate'
 'team_conference_Pac-12' 'yoy_stats_passing_pct'
 'team_conference_Sun Belt']"
0.24920127795527156,0.6295740623013351,22,"['team_conference_Mountain West' 'stats_passing_pct'
 'team_conference_Sun Belt' 'yoy_win_rate' 'win_rate_class_risk_factor'
 'team_conference_American Athletic' 'class_risk_factor'
 'team_conference_SEC' 'usage_overall' 'team_conference_Pac-12'
 'player_class' 'team_conference_Big Ten' 'yoy_usage_overall'
 'team_coach_encoded' 'team_conference_FBS Independents' 'player_weight'
 'team_conference_ACC' 'is_not_same_coach_next_season'
 'team_conference_Mid-American' 'win_rate'
 'team_conference_Conference USA' 'is_power_5']"
0.2594594594594595,0.605886840432295,15,"['team_conference_Sun Belt' 'team_conference_FBS Independents'
 'yoy_win_rate' 'team_conference_Big 12' 'win_rate_class_risk_factor'
 'team_conference_SEC' 'team_coach_encoded' 'yoy_stats_passing_pct'
 'class_risk_factor' 'is_power_5' 'player_weight' 'stats_passing_pct'
 'team_conference_Conference USA' 'team_conference_Pac-12'
 'team_conference_Mountain West']"
0.22108843537414966,0.5929561347743166,7,"['win_rate_class_risk_factor' 'player_class'
 'team_conference_Mid-American' 'is_not_same_coach_next_season'
 'team_conference_Mountain West' 'player_weight' 'yoy_usage_overall']"
0.24829931972789115,0.621220597584234,16,"['player_height' 'is_not_same_coach_next_season' 'usage_overall'
 'team_conference_FBS Independents' 'team_conference_Big 12'
 'yoy_win_rate' 'yoy_stats_passing_pct' 'team_conference_Conference USA'
 'win_rate_class_risk_factor' 'is_power_5' 'class_risk_factor'
 'team_conference_SEC' 'team_conference_Mid-American' 'team_name_encoded'
 'team_conference_Sun Belt' 'team_coach_encoded']"
0.2224824355971897,0.6240178003814367,9,"['usage_overall' 'team_name_encoded' 'team_conference_ACC' 'win_rate'
 'team_conference_Mid-American' 'team_conference_Big Ten' 'yoy_win_rate'
 'team_coach_encoded' 'yoy_stats_passing_pct']"
0.24796747967479674,0.6268531468531469,23,"['player_height' 'team_conference_SEC' 'yoy_usage_overall'
 'yoy_stats_passing_pct' 'yoy_win_rate' 'is_power_5'
 'team_conference_Big Ten' 'player_weight' 'team_coach_encoded'
 'is_not_same_coach_next_season' 'usage_overall'
 'team_conference_Conference USA' 'team_name_encoded'
 'team_conference_Pac-12' 'stats_passing_pct'
 'team_conference_Mountain West' 'team_conference_American Athletic'
 'team_conference_ACC' 'team_conference_Sun Belt' 'player_class'
 'team_conference_FBS Independents' 'team_conference_Big 12'
 'class_risk_factor']"
0.14285714285714285,0.5465543547361728,7,"['team_conference_Big 12' 'team_conference_Pac-12' 'win_rate'
 'team_conference_SEC' 'stats_passing_pct' 'team_conference_Mountain West'
 'team_conference_ACC']"
0.17687074829931973,0.5228862047043865,4,"['is_not_same_coach_next_season' 'team_conference_Pac-12'
 'team_conference_Big 12' 'team_name_encoded']"
0.2040358744394619,0.5771201525746981,9,"['team_conference_Big Ten' 'team_conference_Mid-American'
 'yoy_usage_overall' 'yoy_stats_passing_pct' 'player_height'
 'is_not_same_coach_next_season' 'team_conference_SEC' 'team_name_encoded'
 'team_coach_encoded']"
0.2689655172413793,0.6058486967577877,13,"['team_coach_encoded' 'team_conference_Pac-12' 'team_conference_Big Ten'
 'team_conference_Mid-American' 'player_class' 'player_weight'
 'team_conference_FBS Independents' 'team_conference_Big 12' 'win_rate'
 'yoy_stats_passing_pct' 'team_conference_Sun Belt' 'team_conference_ACC'
 'class_risk_factor']"
0.2242152466367713,0.5981373172282264,18,"['team_conference_Sun Belt' 'team_conference_Big Ten' 'win_rate'
 'team_conference_ACC' 'team_conference_Mid-American'
 'team_conference_American Athletic' 'team_name_encoded'
 'yoy_stats_passing_pct' 'class_risk_factor' 'yoy_win_rate'
 'player_height' 'team_coach_encoded' 'player_class' 'stats_passing_pct'
 'team_conference_Big 12' 'team_conference_Mountain West'
 'win_rate_class_risk_factor' 'is_power_5']"
0.2313167259786477,0.6165289256198347,25,"['win_rate_class_risk_factor' 'team_name_encoded' 'team_conference_ACC'
 'is_not_same_coach_next_season' 'team_conference_Big Ten'
 'yoy_stats_passing_pct' 'team_conference_FBS Independents' 'is_power_5'
 'team_conference_Sun Belt' 'win_rate' 'team_conference_Mountain West'
 'team_conference_Pac-12' 'team_conference_Mid-American'
 'team_conference_SEC' 'yoy_win_rate' 'class_risk_factor' 'player_weight'
 'team_conference_American Athletic' 'player_class'
 'team_conference_Conference USA' 'stats_passing_pct' 'yoy_usage_overall'
 'player_height' 'usage_overall' 'team_conference_Big 12']"
0.24458204334365324,0.6018499682136045,5,"['team_conference_ACC' 'yoy_usage_overall' 'usage_overall'
 'team_conference_Big Ten' 'team_name_encoded']"
0.2125748502994012,0.585829624920534,12,"['player_height' 'win_rate' 'team_conference_Conference USA'
 'team_coach_encoded' 'class_risk_factor' 'is_power_5' 'yoy_win_rate'
 'team_conference_Big 12' 'yoy_stats_passing_pct'
 'team_conference_American Athletic' 'yoy_usage_overall'
 'team_conference_ACC']"
0.225,0.6206865861411316,24,"['team_coach_encoded' 'team_conference_Mountain West'
 'team_conference_SEC' 'team_conference_Mid-American' 'team_name_encoded'
 'player_height' 'is_not_same_coach_next_season'
 'win_rate_class_risk_factor' 'player_class'
 'team_conference_Conference USA' 'yoy_stats_passing_pct' 'win_rate'
 'yoy_win_rate' 'team_conference_American Athletic' 'usage_overall'
 'team_conference_Big 12' 'team_conference_Sun Belt' 'yoy_usage_overall'
 'class_risk_factor' 'player_weight' 'team_conference_ACC'
 'team_conference_FBS Independents' 'team_conference_Big Ten'
 'team_conference_Pac-12']"
0.25842696629213485,0.6225556261919899,25,"['team_conference_SEC' 'team_conference_Big 12' 'win_rate'
 'team_conference_Conference USA' 'team_conference_Mountain West'
 'team_conference_Big Ten' 'team_coach_encoded' 'team_conference_Sun Belt'
 'yoy_usage_overall' 'team_conference_Mid-American' 'stats_passing_pct'
 'team_name_encoded' 'player_class' 'usage_overall' 'player_height'
 'player_weight' 'team_conference_American Athletic' 'is_power_5'
 'team_conference_ACC' 'yoy_win_rate' 'team_conference_FBS Independents'
 'is_not_same_coach_next_season' 'class_risk_factor'
 'team_conference_Pac-12' 'win_rate_class_risk_factor']"
0.2518518518518518,0.5749141767323586,22,"['team_conference_Mountain West' 'stats_passing_pct'
 'team_conference_Mid-American' 'team_conference_Big Ten'
 'win_rate_class_risk_factor' 'team_conference_Big 12'
 'team_conference_ACC' 'yoy_stats_passing_pct' 'team_conference_Pac-12'
 'team_conference_American Athletic' 'team_conference_Conference USA'
 'class_risk_factor' 'team_conference_Sun Belt' 'yoy_win_rate'
 'team_conference_FBS Independents' 'team_conference_SEC'
 'yoy_usage_overall' 'player_weight' 'team_coach_encoded' 'player_height'
 'win_rate' 'player_class']"
0.25217391304347825,0.6286077558804832,24,"['is_power_5' 'stats_passing_pct' 'team_name_encoded' 'player_weight'
 'usage_overall' 'team_conference_Big Ten' 'team_conference_Sun Belt'
 'class_risk_factor' 'team_conference_Mid-American'
 'team_conference_American Athletic' 'player_height'
 'is_not_same_coach_next_season' 'team_conference_FBS Independents'
 'yoy_usage_overall' 'yoy_win_rate' 'win_rate_class_risk_factor'
 'team_conference_Conference USA' 'team_coach_encoded' 'win_rate'
 'team_conference_SEC' 'team_conference_Pac-12' 'yoy_stats_passing_pct'
 'player_class' 'team_conference_Big 12']"
0.23563218390804597,0.6138842975206611,11,"['player_class' 'win_rate_class_risk_factor' 'usage_overall' 'win_rate'
 'team_conference_Conference USA' 'team_conference_SEC'
 'is_not_same_coach_next_season' 'player_weight' 'stats_passing_pct'
 'team_coach_encoded' 'is_power_5']"
0.23853211009174313,0.6329052765416401,20,"['stats_passing_pct' 'team_conference_Mid-American' 'team_name_encoded'
 'yoy_win_rate' 'team_coach_encoded' 'is_power_5'
 'team_conference_Big Ten' 'class_risk_factor' 'player_class'
 'team_conference_FBS Independents' 'team_conference_Sun Belt'
 'player_weight' 'player_height' 'usage_overall'
 'win_rate_class_risk_factor' 'win_rate' 'yoy_usage_overall'
 'team_conference_Conference USA' 'is_not_same_coach_next_season'
 'yoy_stats_passing_pct']"
0.24892703862660945,0.6305276541640178,20,"['is_power_5' 'player_class' 'is_not_same_coach_next_season'
 'team_conference_Pac-12' 'usage_overall' 'team_coach_encoded'
 'team_conference_SEC' 'team_conference_FBS Independents' 'yoy_win_rate'
 'team_conference_Big 12' 'yoy_stats_passing_pct' 'team_conference_ACC'
 'win_rate_class_risk_factor' 'class_risk_factor' 'player_height'
 'team_conference_Conference USA' 'team_conference_Big Ten'
 'team_name_encoded' 'stats_passing_pct' 'player_weight']"
0.24422442244224424,0.6206865861411316,22,"['player_height' 'team_conference_Mid-American' 'player_class'
 'player_weight' 'team_conference_Pac-12' 'team_conference_Big Ten'
 'team_conference_SEC' 'team_conference_American Athletic'
 'yoy_stats_passing_pct' 'win_rate' 'team_coach_encoded' 'usage_overall'
 'stats_passing_pct' 'class_risk_factor' 'team_conference_Sun Belt'
 'yoy_win_rate' 'yoy_usage_overall' 'team_conference_Mountain West'
 'is_power_5' 'win_rate_class_risk_factor' 'is_not_same_coach_next_season'
 'team_conference_Big 12']"
0.24621212121212122,0.607418944691672,16,"['win_rate' 'class_risk_factor' 'team_conference_Mid-American'
 'team_conference_Sun Belt' 'player_class' 'team_conference_ACC'
 'team_conference_FBS Independents' 'team_conference_Big 12'
 'team_coach_encoded' 'yoy_usage_overall' 'player_height'
 'team_conference_American Athletic' 'yoy_win_rate' 'is_power_5'
 'team_conference_Big Ten' 'team_conference_SEC']"
0.23484848484848486,0.5996567069294342,18,"['team_conference_ACC' 'team_conference_American Athletic'
 'team_coach_encoded' 'team_conference_Big 12' 'player_height'
 'team_conference_SEC' 'team_name_encoded' 'class_risk_factor'
 'team_conference_Conference USA' 'win_rate_class_risk_factor'
 'player_weight' 'is_not_same_coach_next_season'
 'team_conference_Mid-American' 'yoy_usage_overall'
 'team_conference_Sun Belt' 'is_power_5' 'team_conference_Pac-12'
 'stats_passing_pct']"
0.22666666666666666,0.5861474888747616,7,"['yoy_usage_overall' 'team_conference_FBS Independents' 'player_class'
 'team_conference_Conference USA' 'is_not_same_coach_next_season'
 'team_conference_Mountain West' 'team_conference_SEC']"
0.22388059701492538,0.6193642720915449,24,"['team_conference_SEC' 'player_class' 'is_power_5'
 'team_conference_Big Ten' 'team_conference_Sun Belt' 'class_risk_factor'
 'player_height' 'win_rate' 'team_conference_Mid-American'
 'team_conference_Big 12' 'win_rate_class_risk_factor' 'player_weight'
 'team_conference_FBS Independents' 'yoy_win_rate'
 'team_conference_Mountain West' 'team_conference_ACC' 'usage_overall'
 'is_not_same_coach_next_season' 'team_coach_encoded' 'team_name_encoded'
 'yoy_usage_overall' 'stats_passing_pct' 'yoy_stats_passing_pct'
 'team_conference_Pac-12']"
0.21927710843373494,0.6135092180546726,3,['team_conference_ACC' 'usage_overall' 'team_conference_American Athletic']
0.21076233183856502,0.5671710108073744,3,['win_rate_class_risk_factor' 'team_name_encoded' 'player_class']
0.22530864197530864,0.5963763509218054,18,"['win_rate' 'team_conference_Pac-12' 'team_conference_American Athletic'
 'team_conference_ACC' 'player_weight' 'team_conference_Conference USA'
 'player_class' 'yoy_usage_overall' 'player_height' 'team_conference_SEC'
 'team_conference_FBS Independents' 'team_conference_Mid-American'
 'win_rate_class_risk_factor' 'team_coach_encoded'
 'team_conference_Mountain West' 'is_power_5' 'class_risk_factor'
 'is_not_same_coach_next_season']"
0.23380281690140844,0.6160330578512397,21,"['yoy_stats_passing_pct' 'team_conference_ACC'
 'team_conference_Mid-American' 'team_conference_Big 12' 'win_rate'
 'team_conference_Sun Belt' 'class_risk_factor' 'yoy_usage_overall'
 'player_weight' 'yoy_win_rate' 'team_conference_SEC'
 'team_conference_Mountain West' 'player_class' 'team_conference_Pac-12'
 'team_name_encoded' 'team_conference_American Athletic'
 'team_conference_FBS Independents' 'usage_overall' 'player_height'
 'win_rate_class_risk_factor' 'team_conference_Conference USA']"
0.2508591065292096,0.627972027972028,20,"['team_conference_ACC' 'class_risk_factor' 'team_conference_Pac-12'
 'player_weight' 'team_conference_Mountain West' 'usage_overall'
 'team_conference_Big Ten' 'yoy_usage_overall' 'player_class'
 'team_conference_Mid-American' 'is_not_same_coach_next_season'
 'team_conference_FBS Independents' 'yoy_stats_passing_pct'
 'team_name_encoded' 'team_conference_SEC' 'is_power_5'
 'team_conference_Sun Belt' 'team_coach_encoded'
 'team_conference_American Athletic' 'win_rate_class_risk_factor']"
0.2219020172910663,0.5865098537825811,4,"['is_not_same_coach_next_season' 'team_conference_ACC'
 'team_conference_Big 12' 'player_class']"
0.2593984962406015,0.6204577240940877,20,"['team_conference_Big Ten' 'is_power_5' 'team_conference_Mid-American'
 'team_conference_Sun Belt' 'team_conference_ACC' 'yoy_stats_passing_pct'
 'team_conference_Big 12' 'team_conference_American Athletic'
 'yoy_usage_overall' 'team_conference_Mountain West' 'player_weight'
 'player_height' 'usage_overall' 'team_coach_encoded'
 'team_conference_Conference USA' 'yoy_win_rate' 'team_conference_Pac-12'
 'class_risk_factor' 'player_class' 'win_rate']"
0.2336448598130841,0.6279084551811825,21,"['team_conference_Mountain West' 'stats_passing_pct'
 'team_conference_Conference USA' 'team_conference_FBS Independents'
 'yoy_win_rate' 'yoy_stats_passing_pct' 'team_conference_SEC'
 'win_rate_class_risk_factor' 'class_risk_factor' 'team_conference_Big 12'
 'player_height' 'is_power_5' 'player_class' 'player_weight'
 'team_conference_Sun Belt' 'usage_overall' 'yoy_usage_overall'
 'team_conference_Mid-American' 'team_conference_American Athletic'
 'is_not_same_coach_next_season' 'win_rate']"
0.23129251700680273,0.6003623649078195,14,"['yoy_win_rate' 'win_rate' 'team_conference_SEC'
 'team_conference_Sun Belt' 'is_power_5' 'yoy_usage_overall'
 'is_not_same_coach_next_season' 'team_conference_Conference USA'
 'team_conference_Big 12' 'team_name_encoded' 'player_class'
 'stats_passing_pct' 'team_coach_encoded' 'yoy_stats_passing_pct']"
0.23157894736842105,0.6272854418308964,5,"['win_rate' 'team_name_encoded' 'class_risk_factor' 'yoy_usage_overall'
 'usage_overall']"
0.26639344262295084,0.6239542275905914,18,"['team_conference_Mid-American' 'class_risk_factor' 'usage_overall'
 'team_conference_Big 12' 'team_conference_SEC'
 'is_not_same_coach_next_season' 'stats_passing_pct' 'player_height'
 'yoy_usage_overall' 'team_conference_Mountain West'
 'team_conference_Pac-12' 'win_rate_class_risk_factor'
 'team_conference_American Athletic' 'is_power_5' 'win_rate'
 'player_class' 'team_coach_encoded' 'team_conference_ACC']"
0.208067940552017,0.5960584869675778,4,"['yoy_win_rate' 'is_not_same_coach_next_season' 'player_height'
 'team_name_encoded']"
0.23622047244094488,0.6248823903369358,24,"['team_conference_Sun Belt' 'is_not_same_coach_next_season'
 'team_conference_Pac-12' 'team_name_encoded' 'team_conference_Big 12'
 'team_conference_American Athletic' 'team_conference_FBS Independents'
 'player_weight' 'usage_overall' 'team_coach_encoded' 'is_power_5'
 'yoy_usage_overall' 'yoy_stats_passing_pct' 'team_conference_Big Ten'
 'win_rate_class_risk_factor' 'team_conference_Mid-American'
 'player_height' 'team_conference_ACC' 'team_conference_Mountain West'
 'class_risk_factor' 'stats_passing_pct' 'win_rate' 'player_class'
 'team_conference_SEC']"
0.23076923076923078,0.6107565162110616,22,"['team_conference_Big 12' 'team_name_encoded' 'yoy_win_rate'
 'team_conference_Mid-American' 'yoy_usage_overall'
 'team_conference_Sun Belt' 'team_conference_Conference USA'
 'team_conference_Mountain West' 'team_conference_Big Ten' 'usage_overall'
 'is_not_same_coach_next_season' 'player_height' 'team_coach_encoded'
 'player_class' 'team_conference_American Athletic' 'class_risk_factor'
 'win_rate_class_risk_factor' 'player_weight' 'yoy_stats_passing_pct'
 'win_rate' 'stats_passing_pct' 'team_conference_Pac-12']"
0.22493224932249323,0.610311506675143,11,"['team_conference_Mid-American' 'win_rate' 'team_conference_Sun Belt'
 'stats_passing_pct' 'yoy_stats_passing_pct' 'team_name_encoded'
 'is_not_same_coach_next_season' 'win_rate_class_risk_factor'
 'usage_overall' 'player_class' 'team_conference_American Athletic']"
0.23529411764705882,0.529249841068023,5,"['team_conference_Mid-American' 'team_conference_SEC' 'stats_passing_pct'
 'yoy_win_rate' 'team_conference_Big Ten']"
0.24429967426710097,0.6196948506039416,12,"['team_conference_Mid-American' 'is_not_same_coach_next_season'
 'player_class' 'usage_overall' 'team_conference_Big 12'
 'team_conference_SEC' 'team_coach_encoded' 'team_name_encoded'
 'yoy_usage_overall' 'team_conference_ACC'
 'team_conference_Conference USA' 'team_conference_Sun Belt']"
0.23100303951367782,0.5971710108073746,4,"['team_conference_Conference USA' 'player_height'
 'team_conference_Mountain West' 'team_conference_FBS Independents']"
0.19683257918552036,0.5733693579148125,5,"['team_conference_FBS Independents' 'team_conference_Mid-American'
 'class_risk_factor' 'is_not_same_coach_next_season' 'team_coach_encoded']"
0.1867881548974943,0.5217546090273362,13,"['player_weight' 'team_conference_SEC' 'team_conference_American Athletic'
 'is_not_same_coach_next_season' 'team_conference_Big 12'
 'yoy_usage_overall' 'yoy_win_rate' 'team_conference_ACC'
 'team_coach_encoded' 'win_rate' 'stats_passing_pct'
 'team_conference_Big Ten' 'win_rate_class_risk_factor']"
0.23934426229508196,0.6291036236490782,19,"['team_conference_American Athletic' 'player_height' 'class_risk_factor'
 'is_not_same_coach_next_season' 'player_class' 'team_conference_Sun Belt'
 'usage_overall' 'team_conference_Mid-American' 'win_rate'
 'team_name_encoded' 'team_conference_Conference USA'
 'team_conference_Big 12' 'yoy_stats_passing_pct' 'team_conference_Pac-12'
 'team_conference_Big Ten' 'is_power_5' 'team_conference_SEC'
 'player_weight' 'team_conference_FBS Independents']"
0.2336182336182336,0.6229434202161475,7,"['team_conference_Big 12' 'usage_overall' 'player_class'
 'is_not_same_coach_next_season' 'yoy_usage_overall' 'team_conference_SEC'
 'team_conference_Conference USA']"
0.23154362416107382,0.6166687857596949,25,"['team_conference_Mountain West' 'team_conference_ACC' 'stats_passing_pct'
 'team_conference_Pac-12' 'class_risk_factor' 'team_conference_Big 12'
 'team_conference_Mid-American' 'team_conference_FBS Independents'
 'team_coach_encoded' 'win_rate_class_risk_factor' 'yoy_stats_passing_pct'
 'team_conference_Big Ten' 'team_conference_Conference USA'
 'team_conference_SEC' 'team_name_encoded' 'yoy_usage_overall'
 'usage_overall' 'is_not_same_coach_next_season' 'yoy_win_rate'
 'team_conference_American Athletic' 'player_height' 'is_power_5'
 'player_weight' 'team_conference_Sun Belt' 'win_rate']"
0.21465968586387435,0.579135410044501,16,"['team_conference_FBS Independents' 'team_conference_SEC'
 'team_conference_Mountain West' 'team_conference_ACC'
 'team_conference_Mid-American' 'team_name_encoded' 'player_weight'
 'player_height' 'team_conference_Big 12' 'yoy_usage_overall'
 'team_conference_American Athletic' 'yoy_stats_passing_pct'
 'class_risk_factor' 'team_coach_encoded' 'is_power_5' 'stats_passing_pct']"
0.2523076923076923,0.6381246026700572,10,"['team_conference_SEC' 'yoy_win_rate' 'usage_overall'
 'team_conference_FBS Independents' 'team_conference_Big Ten'
 'win_rate_class_risk_factor' 'is_power_5' 'team_conference_Sun Belt'
 'team_conference_ACC' 'class_risk_factor']"
0.21649484536082475,0.6196567069294343,3,"['team_conference_Mountain West' 'usage_overall'
 'team_conference_Mid-American']"
0.22741433021806853,0.622199618563255,21,"['team_name_encoded' 'stats_passing_pct' 'usage_overall'
 'team_conference_Big Ten' 'team_conference_Pac-12'
 'team_conference_American Athletic' 'team_conference_Mid-American'
 'team_conference_ACC' 'class_risk_factor' 'is_not_same_coach_next_season'
 'win_rate' 'team_conference_FBS Independents' 'player_height'
 'team_conference_SEC' 'team_conference_Big 12' 'player_weight'
 'team_coach_encoded' 'win_rate_class_risk_factor' 'player_class'
 'yoy_usage_overall' 'yoy_stats_passing_pct']"
0.212,0.5702797202797203,9,"['team_coach_encoded' 'team_conference_Pac-12'
 'team_conference_FBS Independents' 'class_risk_factor'
 'stats_passing_pct' 'team_conference_Big Ten' 'yoy_usage_overall'
 'team_conference_Sun Belt' 'team_conference_Mid-American']"
0.24124513618677043,0.6089256198347107,16,"['team_conference_Big 12' 'class_risk_factor' 'player_height'
 'team_conference_Sun Belt' 'team_coach_encoded'
 'is_not_same_coach_next_season' 'yoy_win_rate' 'team_name_encoded'
 'team_conference_Mid-American' 'team_conference_SEC'
 'team_conference_ACC' 'team_conference_Mountain West' 'is_power_5'
 'yoy_stats_passing_pct' 'team_conference_Conference USA'
 'win_rate_class_risk_factor']"
0.2465753424657534,0.5932867132867132,17,"['team_conference_Big 12' 'team_coach_encoded' 'class_risk_factor'
 'team_conference_American Athletic' 'win_rate'
 'team_conference_FBS Independents' 'win_rate_class_risk_factor'
 'player_weight' 'player_class' 'team_conference_Big Ten'
 'team_conference_Sun Belt' 'team_conference_Mountain West'
 'is_not_same_coach_next_season' 'is_power_5' 'player_height'
 'stats_passing_pct' 'team_conference_Conference USA']"
0.2271062271062271,0.6000317863954228,13,"['player_height' 'team_conference_FBS Independents'
 'team_conference_Big Ten' 'yoy_win_rate' 'is_power_5' 'yoy_usage_overall'
 'yoy_stats_passing_pct' 'team_conference_Big 12'
 'team_conference_Sun Belt' 'team_name_encoded' 'class_risk_factor'
 'win_rate_class_risk_factor' 'team_conference_American Athletic']"
0.19047619047619047,0.5623776223776223,10,"['team_coach_encoded' 'team_conference_Mountain West' 'player_height'
 'team_conference_ACC' 'team_conference_Pac-12' 'team_conference_Big Ten'
 'team_conference_American Athletic' 'stats_passing_pct'
 'team_name_encoded' 'team_conference_Big 12']"
0.20844327176781002,0.5835346471710108,12,"['win_rate_class_risk_factor' 'stats_passing_pct' 'team_conference_Pac-12'
 'player_height' 'team_conference_American Athletic'
 'team_conference_Mid-American' 'is_power_5'
 'is_not_same_coach_next_season' 'team_name_encoded'
 'team_conference_Big Ten' 'yoy_stats_passing_pct' 'team_conference_SEC']"
0.25073746312684364,0.6286204704386522,17,"['team_conference_Big 12' 'player_height' 'class_risk_factor'
 'team_conference_American Athletic' 'team_coach_encoded' 'is_power_5'
 'usage_overall' 'team_conference_ACC' 'team_conference_Conference USA'
 'stats_passing_pct' 'win_rate' 'team_conference_Sun Belt'
 'team_conference_Mid-American' 'yoy_stats_passing_pct'
 'team_conference_FBS Independents' 'team_conference_SEC'
 'is_not_same_coach_next_season']"
0.24183006535947713,0.6249841068022886,14,"['team_conference_Big Ten' 'win_rate' 'team_conference_ACC'
 'team_conference_SEC' 'team_coach_encoded' 'player_height' 'player_class'
 'is_not_same_coach_next_season' 'win_rate_class_risk_factor'
 'yoy_win_rate' 'team_name_encoded' 'team_conference_Big 12'
 'usage_overall' 'team_conference_Mid-American']"
0.2604166666666667,0.6141894469167196,25,"['is_not_same_coach_next_season' 'yoy_win_rate'
 'team_conference_Mid-American' 'team_conference_Mountain West'
 'class_risk_factor' 'yoy_usage_overall' 'team_conference_ACC'
 'player_height' 'team_conference_Big 12' 'team_conference_Pac-12'
 'team_conference_SEC' 'team_conference_Conference USA' 'usage_overall'
 'is_power_5' 'team_name_encoded' 'player_weight'
 'team_conference_FBS Independents' 'yoy_stats_passing_pct' 'player_class'
 'team_conference_American Athletic' 'team_coach_encoded' 'win_rate'
 'stats_passing_pct' 'team_conference_Big Ten'
 'win_rate_class_risk_factor']"
0.23048327137546468,0.5770756516211061,4,"['yoy_usage_overall' 'player_weight' 'team_coach_encoded'
 'yoy_stats_passing_pct']"
0.25206611570247933,0.6360457724094087,25,"['team_conference_Big 12' 'is_not_same_coach_next_season'
 'team_conference_Mid-American' 'team_conference_ACC'
 'team_conference_Big Ten' 'yoy_usage_overall' 'team_conference_SEC'
 'team_conference_Sun Belt' 'team_conference_FBS Independents'
 'player_weight' 'player_height' 'class_risk_factor' 'team_name_encoded'
 'team_conference_Pac-12' 'team_conference_Conference USA' 'player_class'
 'yoy_win_rate' 'win_rate' 'team_conference_Mountain West'
 'yoy_stats_passing_pct' 'is_power_5' 'team_conference_American Athletic'
 'team_coach_encoded' 'usage_overall' 'win_rate_class_risk_factor']"
0.23255813953488372,0.5976605212968849,13,"['class_risk_factor' 'team_conference_Pac-12'
 'team_conference_FBS Independents' 'team_conference_American Athletic'
 'stats_passing_pct' 'is_power_5' 'yoy_win_rate' 'team_name_encoded'
 'team_conference_ACC' 'team_conference_Conference USA' 'player_weight'
 'team_coach_encoded' 'team_conference_Big 12']"
0.24324324324324326,0.6032549268912906,16,"['team_conference_Pac-12' 'team_conference_Conference USA' 'player_weight'
 'player_class' 'yoy_win_rate' 'team_coach_encoded'
 'team_conference_Mid-American' 'team_conference_FBS Independents'
 'team_conference_American Athletic' 'stats_passing_pct' 'is_power_5'
 'team_conference_Big Ten' 'win_rate' 'yoy_stats_passing_pct'
 'yoy_usage_overall' 'team_conference_Big 12']"
0.2548262548262548,0.6185759694850604,18,"['yoy_win_rate' 'stats_passing_pct' 'team_conference_Sun Belt'
 'player_height' 'team_conference_Big 12' 'class_risk_factor'
 'team_conference_American Athletic' 'player_class'
 'yoy_stats_passing_pct' 'team_conference_Pac-12' 'team_conference_SEC'
 'team_name_encoded' 'team_conference_FBS Independents'
 'team_conference_ACC' 'win_rate' 'usage_overall'
 'win_rate_class_risk_factor' 'team_coach_encoded']"
0.245,0.5959122695486332,22,"['player_height' 'team_conference_Big 12' 'is_power_5' 'stats_passing_pct'
 'team_conference_Big Ten' 'win_rate' 'class_risk_factor'
 'team_conference_Mid-American' 'team_conference_ACC' 'yoy_win_rate'
 'team_coach_encoded' 'yoy_stats_passing_pct' 'team_conference_SEC'
 'team_conference_Pac-12' 'player_class' 'win_rate_class_risk_factor'
 'team_conference_American Athletic' 'team_conference_FBS Independents'
 'team_conference_Mountain West' 'team_name_encoded' 'yoy_usage_overall'
 'team_conference_Sun Belt']"
0.22276029055690072,0.6142085187539734,7,"['team_conference_Conference USA' 'team_conference_Big Ten'
 'team_coach_encoded' 'team_conference_Sun Belt' 'usage_overall'
 'win_rate' 'team_conference_FBS Independents']"
0.2536231884057971,0.6244628099173554,24,"['yoy_stats_passing_pct' 'team_coach_encoded'
 'team_conference_Conference USA' 'win_rate' 'usage_overall'
 'team_conference_SEC' 'win_rate_class_risk_factor'
 'team_conference_Big 12' 'team_conference_Big Ten'
 'team_conference_American Athletic' 'yoy_win_rate'
 'team_conference_Pac-12' 'team_conference_Mid-American'
 'is_not_same_coach_next_season' 'stats_passing_pct'
 'team_conference_FBS Independents' 'is_power_5' 'player_height'
 'player_class' 'team_conference_Mountain West' 'team_conference_ACC'
 'player_weight' 'class_risk_factor' 'team_name_encoded']"
0.18518518518518517,0.5483534647171011,6,"['team_conference_Big 12' 'stats_passing_pct' 'team_coach_encoded'
 'win_rate' 'player_weight' 'yoy_win_rate']"
0.2099644128113879,0.5901652892561984,8,"['yoy_win_rate' 'is_not_same_coach_next_season'
 'team_conference_Conference USA' 'team_conference_Mid-American'
 'team_coach_encoded' 'team_conference_Pac-12' 'class_risk_factor'
 'team_name_encoded']"
0.24651162790697675,0.6056706929434202,23,"['yoy_usage_overall' 'team_conference_Big Ten' 'team_conference_Sun Belt'
 'class_risk_factor' 'stats_passing_pct' 'yoy_win_rate'
 'team_conference_Big 12' 'player_height' 'team_coach_encoded'
 'player_weight' 'team_conference_American Athletic' 'is_power_5'
 'team_conference_ACC' 'team_conference_Pac-12'
 'team_conference_Mid-American' 'is_not_same_coach_next_season'
 'win_rate_class_risk_factor' 'player_class'
 'team_conference_Conference USA' 'usage_overall'
 'team_conference_FBS Independents' 'team_name_encoded'
 'team_conference_SEC']"
0.19469026548672566,0.5861220597584234,4,"['is_not_same_coach_next_season' 'yoy_win_rate' 'player_height'
 'team_conference_American Athletic']"
0.24396782841823056,0.653006993006993,9,"['player_height' 'team_conference_Big Ten' 'yoy_usage_overall'
 'team_conference_American Athletic' 'class_risk_factor'
 'win_rate_class_risk_factor' 'is_power_5' 'team_conference_Big 12'
 'usage_overall']"
0.23607427055702918,0.64085187539733,18,"['is_power_5' 'usage_overall' 'class_risk_factor'
 'team_conference_FBS Independents' 'team_name_encoded'
 'team_conference_SEC' 'team_conference_Mid-American'
 'win_rate_class_risk_factor' 'yoy_win_rate' 'team_coach_encoded'
 'is_not_same_coach_next_season' 'team_conference_Sun Belt'
 'team_conference_Conference USA' 'player_height' 'team_conference_Pac-12'
 'team_conference_American Athletic' 'team_conference_Big 12'
 'team_conference_Big Ten']"
0.24064171122994651,0.5895104895104895,16,"['player_height' 'player_class' 'team_conference_Pac-12'
 'team_conference_Big Ten' 'team_name_encoded'
 'is_not_same_coach_next_season' 'team_conference_Big 12'
 'team_conference_Mountain West' 'class_risk_factor'
 'team_conference_American Athletic' 'team_conference_Sun Belt'
 'team_conference_Mid-American' 'stats_passing_pct'
 'team_conference_FBS Independents' 'team_conference_ACC'
 'team_coach_encoded']"
0.23972602739726026,0.6234392879847426,9,"['yoy_win_rate' 'yoy_usage_overall' 'player_height' 'stats_passing_pct'
 'usage_overall' 'team_conference_Mid-American' 'yoy_stats_passing_pct'
 'team_conference_SEC' 'win_rate']"
0.23778501628664495,0.6118372536554355,19,"['yoy_usage_overall' 'team_conference_SEC' 'is_not_same_coach_next_season'
 'stats_passing_pct' 'team_conference_Conference USA'
 'team_conference_American Athletic' 'yoy_win_rate'
 'team_conference_Mountain West' 'player_weight' 'yoy_stats_passing_pct'
 'team_conference_Big Ten' 'usage_overall' 'team_conference_Pac-12'
 'team_conference_FBS Independents' 'team_conference_ACC'
 'team_conference_Mid-American' 'class_risk_factor' 'player_class'
 'team_coach_encoded']"
0.21714285714285714,0.5808773045136681,14,"['team_conference_Conference USA' 'team_conference_American Athletic'
 'team_conference_Sun Belt' 'team_conference_SEC'
 'team_conference_Big Ten' 'yoy_stats_passing_pct' 'player_weight'
 'team_conference_FBS Independents' 'is_not_same_coach_next_season'
 'yoy_win_rate' 'yoy_usage_overall' 'win_rate_class_risk_factor'
 'class_risk_factor' 'team_conference_Mid-American']"
0.236,0.61716465352829,19,"['team_coach_encoded' 'team_conference_Conference USA'
 'win_rate_class_risk_factor' 'team_conference_Mid-American'
 'team_conference_ACC' 'yoy_usage_overall' 'team_name_encoded'
 'team_conference_Mountain West' 'team_conference_SEC' 'class_risk_factor'
 'team_conference_Big 12' 'player_class' 'usage_overall'
 'team_conference_Big Ten' 'team_conference_Pac-12'
 'team_conference_American Athletic' 'yoy_stats_passing_pct'
 'team_conference_FBS Independents' 'win_rate']"
0.25496688741721857,0.6196630642085187,16,"['team_conference_Mountain West' 'class_risk_factor' 'player_weight'
 'yoy_win_rate' 'team_conference_American Athletic' 'team_conference_SEC'
 'player_class' 'team_conference_Big Ten' 'usage_overall'
 'yoy_stats_passing_pct' 'team_conference_Mid-American'
 'yoy_usage_overall' 'team_conference_ACC' 'player_height'
 'team_conference_Big 12' 'is_power_5']"
0.22432432432432434,0.6114049586776861,22,"['win_rate' 'player_weight' 'yoy_win_rate'
 'team_conference_FBS Independents' 'team_conference_Big Ten'
 'stats_passing_pct' 'yoy_stats_passing_pct'
 'team_conference_Mountain West' 'team_conference_Pac-12'
 'team_conference_ACC' 'is_power_5' 'usage_overall' 'team_name_encoded'
 'win_rate_class_risk_factor' 'is_not_same_coach_next_season'
 'team_conference_SEC' 'player_height' 'team_conference_Sun Belt'
 'team_conference_American Athletic' 'team_coach_encoded'
 'team_conference_Big 12' 'team_conference_Conference USA']"
0.2600896860986547,0.5969103623649079,18,"['is_power_5' 'yoy_usage_overall' 'team_conference_Mid-American'
 'is_not_same_coach_next_season' 'team_conference_Big Ten'
 'team_conference_American Athletic' 'win_rate' 'team_coach_encoded'
 'player_class' 'team_conference_Mountain West' 'team_conference_Big 12'
 'win_rate_class_risk_factor' 'team_conference_Conference USA'
 'team_conference_Pac-12' 'team_conference_Sun Belt' 'stats_passing_pct'
 'team_conference_SEC' 'team_name_encoded']"
0.23676880222841226,0.623064208518754,5,"['usage_overall' 'team_conference_Conference USA' 'yoy_win_rate'
 'player_height' 'team_name_encoded']"
0.2245430809399478,0.6321169739351558,12,"['yoy_stats_passing_pct' 'team_conference_Big 12'
 'team_conference_American Athletic' 'team_name_encoded' 'player_weight'
 'team_conference_ACC' 'usage_overall' 'player_height' 'yoy_win_rate'
 'team_conference_Pac-12' 'team_conference_Conference USA' 'is_power_5']"
0.22336769759450173,0.6186395422759059,16,"['team_conference_Big Ten' 'usage_overall' 'player_class'
 'team_conference_FBS Independents' 'player_height'
 'win_rate_class_risk_factor' 'team_conference_American Athletic'
 'team_conference_Mid-American' 'is_not_same_coach_next_season'
 'class_risk_factor' 'win_rate' 'team_conference_Mountain West'
 'yoy_stats_passing_pct' 'team_conference_Pac-12'
 'team_conference_Sun Belt' 'yoy_win_rate']"
0.25547445255474455,0.6177495232040686,23,"['team_conference_Big Ten' 'usage_overall' 'is_power_5'
 'team_conference_Mid-American' 'team_coach_encoded' 'yoy_win_rate'
 'player_class' 'team_conference_American Athletic'
 'team_conference_FBS Independents' 'team_conference_Conference USA'
 'win_rate' 'yoy_stats_passing_pct' 'player_weight' 'team_conference_SEC'
 'win_rate_class_risk_factor' 'team_conference_Sun Belt'
 'yoy_usage_overall' 'class_risk_factor' 'team_conference_Mountain West'
 'is_not_same_coach_next_season' 'stats_passing_pct' 'team_name_encoded'
 'team_conference_ACC']"
0.22794117647058823,0.5988556897647807,9,"['yoy_win_rate' 'player_weight' 'team_conference_Big Ten' 'player_height'
 'team_conference_ACC' 'player_class' 'is_not_same_coach_next_season'
 'team_name_encoded' 'team_conference_Mountain West']"
0.24124513618677043,0.6043992371265099,21,"['team_conference_Big 12' 'yoy_stats_passing_pct'
 'team_conference_Mid-American' 'yoy_usage_overall'
 'team_conference_Big Ten' 'team_name_encoded' 'player_height'
 'yoy_win_rate' 'team_conference_SEC' 'team_conference_ACC'
 'team_conference_FBS Independents' 'team_coach_encoded'
 'stats_passing_pct' 'team_conference_Mountain West'
 'win_rate_class_risk_factor' 'player_class'
 'team_conference_American Athletic' 'class_risk_factor' 'is_power_5'
 'team_conference_Pac-12' 'usage_overall']"
0.25203252032520324,0.6268150031786395,21,"['player_class' 'class_risk_factor' 'team_conference_Big Ten'
 'team_conference_Conference USA' 'team_conference_SEC'
 'team_conference_Sun Belt' 'win_rate_class_risk_factor' 'usage_overall'
 'stats_passing_pct' 'team_conference_ACC' 'team_conference_Pac-12'
 'win_rate' 'team_coach_encoded' 'player_height' 'yoy_usage_overall'
 'team_conference_American Athletic' 'yoy_win_rate'
 'team_conference_FBS Independents' 'team_conference_Mountain West'
 'is_power_5' 'team_conference_Big 12']"
0.17687074829931973,0.5339605848696758,3,"['team_conference_SEC' 'win_rate_class_risk_factor'
 'team_conference_Sun Belt']"
0.23684210526315788,0.5870756516211062,8,"['team_conference_Mid-American' 'yoy_usage_overall'
 'team_conference_Mountain West' 'player_height' 'player_class'
 'team_conference_Big 12' 'team_name_encoded' 'win_rate']"
0.2144638403990025,0.5874507310870947,18,"['yoy_usage_overall' 'player_height' 'team_conference_FBS Independents'
 'team_name_encoded' 'team_conference_Mid-American' 'yoy_win_rate'
 'win_rate' 'yoy_stats_passing_pct' 'player_weight' 'team_coach_encoded'
 'team_conference_Mountain West' 'team_conference_Sun Belt'
 'is_not_same_coach_next_season' 'team_conference_Conference USA'
 'team_conference_ACC' 'usage_overall' 'stats_passing_pct'
 'team_conference_SEC']"
0.24579124579124578,0.6165162110616658,21,"['team_conference_Mountain West' 'team_coach_encoded'
 'win_rate_class_risk_factor' 'team_conference_Sun Belt'
 'team_conference_Pac-12' 'yoy_stats_passing_pct' 'stats_passing_pct'
 'team_conference_Mid-American' 'player_weight'
 'is_not_same_coach_next_season' 'team_conference_Conference USA'
 'win_rate' 'player_height' 'yoy_win_rate' 'is_power_5' 'player_class'
 'team_conference_FBS Independents' 'team_conference_SEC' 'usage_overall'
 'class_risk_factor' 'team_conference_ACC']"
0.23923444976076555,0.5852638270820089,14,"['team_conference_Big 12' 'player_height' 'win_rate_class_risk_factor'
 'team_conference_FBS Independents' 'team_conference_Mountain West'
 'team_conference_ACC' 'team_conference_Mid-American' 'team_coach_encoded'
 'team_conference_SEC' 'player_weight' 'yoy_win_rate'
 'team_conference_American Athletic' 'team_conference_Big Ten'
 'player_class']"
0.24555160142348753,0.6278067387158297,20,"['player_class' 'team_conference_Mid-American' 'player_height'
 'win_rate_class_risk_factor' 'is_power_5' 'team_conference_Sun Belt'
 'team_conference_Mountain West' 'is_not_same_coach_next_season'
 'yoy_stats_passing_pct' 'player_weight'
 'team_conference_American Athletic' 'stats_passing_pct'
 'team_conference_Conference USA' 'team_conference_Big 12'
 'team_name_encoded' 'team_conference_Pac-12' 'class_risk_factor'
 'usage_overall' 'yoy_win_rate' 'win_rate']"
0.2404692082111437,0.6241385886840434,10,"['team_conference_FBS Independents' 'team_conference_American Athletic'
 'team_conference_Mid-American' 'team_coach_encoded' 'class_risk_factor'
 'team_conference_SEC' 'is_power_5' 'yoy_win_rate' 'usage_overall'
 'team_conference_Big 12']"
0.19254658385093168,0.5600381436745073,7,"['yoy_win_rate' 'team_conference_Conference USA' 'team_conference_SEC'
 'stats_passing_pct' 'win_rate' 'team_coach_encoded'
 'team_conference_Pac-12']"
0.2413793103448276,0.5739987285441831,4,"['team_conference_American Athletic' 'team_conference_Mountain West'
 'stats_passing_pct' 'player_height']"
0.2204724409448819,0.5770120788302606,5,"['is_power_5' 'yoy_usage_overall' 'team_name_encoded'
 'win_rate_class_risk_factor' 'team_conference_Big Ten']"
0.23353293413173654,0.6088874761602034,16,"['stats_passing_pct' 'team_conference_Mountain West' 'yoy_win_rate'
 'yoy_usage_overall' 'team_conference_ACC' 'yoy_stats_passing_pct'
 'player_class' 'team_name_encoded' 'team_conference_SEC'
 'is_not_same_coach_next_season' 'team_conference_Mid-American'
 'team_conference_FBS Independents' 'win_rate_class_risk_factor'
 'team_conference_American Athletic' 'team_conference_Pac-12'
 'usage_overall']"
0.20846905537459284,0.5608963763509218,4,"['team_conference_Mid-American' 'team_conference_Sun Belt' 'player_weight'
 'team_conference_Big 12']"
0.2409090909090909,0.6012587412587412,25,"['team_conference_FBS Independents' 'player_weight' 'win_rate'
 'team_name_encoded' 'stats_passing_pct' 'yoy_win_rate'
 'team_conference_American Athletic' 'team_conference_ACC'
 'team_conference_Conference USA' 'team_conference_Big Ten'
 'team_conference_Sun Belt' 'player_class' 'team_conference_Big 12'
 'win_rate_class_risk_factor' 'team_conference_Mid-American'
 'team_conference_SEC' 'team_conference_Pac-12' 'team_coach_encoded'
 'class_risk_factor' 'yoy_usage_overall' 'is_power_5'
 'team_conference_Mountain West' 'yoy_stats_passing_pct'
 'is_not_same_coach_next_season' 'player_height']"
0.21727019498607242,0.5954227590591227,6,"['team_conference_FBS Independents' 'team_conference_Conference USA'
 'yoy_usage_overall' 'is_power_5' 'player_height' 'team_name_encoded']"
0.25660377358490566,0.624284806102988,18,"['yoy_win_rate' 'team_conference_Big Ten' 'player_weight'
 'team_conference_Pac-12' 'is_not_same_coach_next_season'
 'yoy_stats_passing_pct' 'win_rate_class_risk_factor' 'stats_passing_pct'
 'is_power_5' 'team_conference_ACC' 'team_conference_Big 12'
 'usage_overall' 'team_conference_Mountain West' 'player_height'
 'class_risk_factor' 'team_conference_FBS Independents'
 'team_conference_Conference USA' 'player_class']"
0.23008849557522124,0.5990909090909091,7,"['yoy_win_rate' 'class_risk_factor' 'team_conference_ACC'
 'win_rate_class_risk_factor' 'player_height' 'is_power_5'
 'team_name_encoded']"
0.22988505747126436,0.6097266369993642,16,"['team_conference_FBS Independents' 'team_conference_Conference USA'
 'team_name_encoded' 'team_conference_ACC' 'team_conference_Mid-American'
 'team_conference_Big Ten' 'player_weight' 'team_conference_SEC'
 'stats_passing_pct' 'yoy_win_rate' 'yoy_usage_overall'
 'is_not_same_coach_next_season' 'player_class'
 'team_conference_American Athletic' 'team_conference_Sun Belt'
 'usage_overall']"
0.2028985507246377,0.585956770502225,3,['team_conference_Mountain West' 'team_conference_Sun Belt' 'yoy_win_rate']
0.2625,0.5332167832167833,3,"['team_conference_Big Ten' 'team_conference_Conference USA'
 'team_conference_Big 12']"
0.25517241379310346,0.6197711379529561,18,"['team_conference_Big Ten' 'yoy_stats_passing_pct'
 'team_conference_American Athletic' 'player_class' 'win_rate'
 'team_conference_SEC' 'usage_overall' 'is_power_5'
 'is_not_same_coach_next_season' 'yoy_win_rate'
 'win_rate_class_risk_factor' 'team_conference_Conference USA'
 'team_conference_ACC' 'team_conference_Pac-12' 'team_coach_encoded'
 'team_conference_Mid-American' 'stats_passing_pct' 'yoy_usage_overall']"
0.2233502538071066,0.6073553719008264,8,"['team_conference_Mountain West' 'player_weight'
 'is_not_same_coach_next_season' 'team_conference_American Athletic'
 'usage_overall' 'team_conference_Sun Belt' 'team_conference_Mid-American'
 'yoy_usage_overall']"
0.22538860103626943,0.6133248569612206,15,"['team_conference_SEC' 'player_height' 'team_conference_FBS Independents'
 'is_not_same_coach_next_season' 'yoy_usage_overall' 'stats_passing_pct'
 'usage_overall' 'team_coach_encoded' 'yoy_win_rate'
 'yoy_stats_passing_pct' 'team_conference_Conference USA' 'is_power_5'
 'team_conference_Pac-12' 'team_conference_Mountain West'
 'team_conference_Big 12']"
0.24285714285714285,0.5947616020343294,16,"['stats_passing_pct' 'player_weight' 'is_power_5'
 'team_conference_American Athletic' 'class_risk_factor'
 'team_conference_FBS Independents' 'yoy_usage_overall'
 'win_rate_class_risk_factor' 'team_conference_Mountain West'
 'team_conference_Mid-American' 'player_class' 'team_name_encoded'
 'is_not_same_coach_next_season' 'yoy_stats_passing_pct' 'yoy_win_rate'
 'team_conference_Pac-12']"
